anio,area,indicator,tasa_pobreza_bid,se,cv,sample,source
2003,Total,pobreza,0.009879421248658,0.032074812983728,3.24662874235534,76.0,PER-ENAHO
2003,rural,pobreza,0.227635506260022,0.014470525981462,0.063568843978729,23447.0,PER-ENAHO
2003,urban,pobreza,0.183239748103146,0.008799946675836,0.048024223821148,33441.0,PER-ENAHO
2004,Total,pobreza,0.094467538735356,0.108730019079198,1.15097757954504,146.0,PER-ENAHO
2004,rural,pobreza,0.184222185476419,0.013344770990967,0.072438457705058,37250.0,PER-ENAHO
2004,urban,pobreza,0.190374185703128,0.008793926534194,0.046192851734151,50800.0,PER-ENAHO
2005,Total,pobreza,0.075627124808671,0.096222085307602,1.27232240483866,166.0,PER-ENAHO
2005,rural,pobreza,0.172928104789688,0.013045473993064,0.075438714886337,39585.0,PER-ENAHO
2005,urban,pobreza,0.197753216589432,0.008845993092066,0.044732486503273,48595.0,PER-ENAHO
2006,Total,pobreza,0.124718074172409,0.132381144318905,1.06144314043771,163.0,PER-ENAHO
2006,rural,pobreza,0.190540397306884,0.012288518362946,0.064492981733184,39970.0,PER-ENAHO
2006,urban,pobreza,0.178531363376972,0.008781085451958,0.04918511395343,50807.0,PER-ENAHO
2007,Total,pobreza,0.075900677959488,0.093420425871564,1.23082465642043,172.0,PER-ENAHO
2007,rural,pobreza,0.19760220466183,0.013840332687769,0.070041388007057,37912.0,PER-ENAHO
2007,urban,pobreza,0.15201085169054,0.007805973814863,0.051351424770347,57545.0,PER-ENAHO
2008,Total,pobreza,0.074795228627471,0.083511689788156,1.11653766317232,197.0,PER-ENAHO
2008,rural,pobreza,0.211596299984434,0.014223631074521,0.067220603931011,37095.0,PER-ENAHO
2008,urban,pobreza,0.13745212120532,0.007386622226763,0.053739601557182,54795.0,PER-ENAHO
2009,Total,pobreza,0.04824754866787,0.067686240561911,1.40289491239969,198.0,PER-ENAHO
2009,rural,pobreza,0.242958775789935,0.015017909435558,0.061812582759071,37464.0,PER-ENAHO
2009,urban,pobreza,0.099958481846611,0.006370058513078,0.063727043422418,55032.0,PER-ENAHO
2010,Total,pobreza,0.025993145065206,0.051824865017502,1.99378970445839,218.0,PER-ENAHO
2010,rural,pobreza,0.2364562605592,0.01490475973534,0.063033897686156,37155.0,PER-ENAHO
2010,urban,pobreza,0.082966098705726,0.005795767461062,0.069857056695164,53622.0,PER-ENAHO
2011,Total,pobreza,0.051982526316421,0.078396184782875,1.50812571720106,196.0,PER-ENAHO
2011,rural,pobreza,0.24100028483102,0.015100761435933,0.062658687090438,41110.0,PER-ENAHO
2011,urban,pobreza,0.111434800049078,0.006568483727195,0.05894463600511,61526.0,PER-ENAHO
2012,Total,pobreza,0.100156878593958,0.103265247157794,1.03103499836929,220.0,PER-ENAHO
2012,rural,pobreza,0.238509817945751,0.015076254853908,0.063210206538905,39932.0,PER-ENAHO
2012,urban,pobreza,0.093918787799861,0.006012217257283,0.064015064484167,61614.0,PER-ENAHO
2013,Total,pobreza,0.055268477797338,0.076976131201986,1.39276734713496,276.0,PER-ENAHO
2013,rural,pobreza,0.243619382561277,0.015291708063247,0.062768848284887,46721.0,PER-ENAHO
2013,urban,pobreza,0.097128620532552,0.006045229855268,0.062239428729884,74033.0,PER-ENAHO
2014,Total,pobreza,0.160058011410546,0.031482348362354,0.19669336189366,5488.0,PER-ENAHO
2014,rural,pobreza,0.289286348000355,0.072438068640207,0.250402651701068,2426.0,PER-ENAHO
2014,urban,pobreza,0.107564853006374,0.031546527870871,0.293279142667558,3062.0,PER-ENAHO
2015,Total,pobreza,0.159813170467339,0.034135763179371,0.213597934885771,4495.0,PER-ENAHO
2015,rural,pobreza,0.285930584494212,0.079525503701826,0.278128706806585,1958.0,PER-ENAHO
2015,urban,pobreza,0.110726557221365,0.034454303265141,0.311165669101948,2537.0,PER-ENAHO
2016,Total,pobreza,0.173783449220494,0.034026581123798,0.195798744221182,5274.0,PER-ENAHO
2016,rural,pobreza,0.318230169095415,0.079355883738881,0.249366312328129,2148.0,PER-ENAHO
2016,urban,pobreza,0.118216798785554,0.034116411407473,0.288591907055106,3126.0,PER-ENAHO
2017,Total,pobreza,0.16570334570726,0.031903024655929,0.192530962605248,5442.0,PER-ENAHO
2017,rural,pobreza,0.314053292862395,0.076688012580216,0.244187895249415,2285.0,PER-ENAHO
2017,urban,pobreza,0.110922891719342,0.031530440677338,0.284255487650978,3157.0,PER-ENAHO
2018,Total,pobreza,0.144140917874933,0.029277395811727,0.20311647964619,6585.0,PER-ENAHO
2018,rural,pobreza,0.275100682953804,0.070356617082722,0.255748609299297,3040.0,PER-ENAHO
2018,urban,pobreza,0.093232185930915,0.028561331339412,0.306346258582584,3545.0,PER-ENAHO
2019,Total,pobreza,0.133763120942565,0.027519918165851,0.205736214675103,5978.0,PER-ENAHO
2019,rural,pobreza,0.276022826217065,0.069368028558678,0.251312652324366,2603.0,PER-ENAHO
2019,urban,pobreza,0.080761589686278,0.025807395837927,0.319550369651929,3375.0,PER-ENAHO
2020,Total,pobreza,0.181625698839679,0.032248088290232,0.177552452633355,5527.0,PER-ENAHO
2020,rural,pobreza,0.279987079947879,0.076104202790181,0.271813266541972,2267.0,PER-ENAHO
2020,urban,pobreza,0.149961503739652,0.034336071799597,0.228965907538561,3260.0,PER-ENAHO
2021,Total,pobreza,0.170705601600079,0.030115110279119,0.176415477856852,5708.0,PER-ENAHO
2021,rural,pobreza,0.253042524175125,0.067594855951566,0.267128444801575,2314.0,PER-ENAHO
2021,urban,pobreza,0.141016837248183,0.032493426326142,0.230422316655389,3394.0,PER-ENAHO
2022,Total,pobreza,0.163352850200897,0.029607686671211,0.181249893312537,5565.0,PER-ENAHO
2022,rural,pobreza,0.249845386423079,0.07006276568958,0.280424492493682,2169.0,PER-ENAHO
2022,urban,pobreza,0.135301020176241,0.031524667135043,0.232996522080759,3396.0,PER-ENAHO
2023,Total,pobreza,0.147030856634635,0.026964133207522,0.183390982169996,5663.0,PER-ENAHO
2023,rural,pobreza,0.258844517518711,0.070885019675676,0.273851732905845,2103.0,PER-ENAHO
2023,urban,pobreza,0.11524598241485,0.027552898992619,0.239079041327769,3560.0,PER-ENAHO
